,n_agents,max_speed_avg,max_speed_dev,desired_distance_avg,desired_distance_dev,acceleration_avg,acceleration_dev,n_lanes,t_start,t_end,x_start,x_end,measure_point_x,accepted_dist_delta,window_size,average_velocity,rolling_average_density,rolling_average_flow
0,25,0.75,0.4,30,0,1.5,0.3,3,402,2050,500,600,500,10,100,1.3678164116305251,0.023030303030302988,2.0625
1,25,1.0,0.4,30,0,1.5,0.3,3,3902,4906,500,600,500,10,100,1.404080782420382,0.030099502487562203,2.8
2,25,1.25,0.4,30,0,1.5,0.3,3,6102,6856,500,600,500,10,100,1.4142021431060892,0.02788079470198669,4.0
3,25,1.5,0.4,30,0,1.5,0.3,3,7848,8382,500,600,500,10,100,1.407972724425247,0.03271028037383175,5.2
4,25,1.75,0.4,30,0,1.5,0.3,3,9050,9696,500,600,500,10,100,1.3937046683669678,0.022769230769230733,4.5
5,25,2.0,0.4,30,0,1.5,0.3,3,10270,10949,500,600,500,10,100,1.3677657486792514,0.01897058823529409,4.333333333333333
