,n_agents,max_speed_avg,max_speed_dev,desired_distance_avg,desired_distance_dev,acceleration_avg,acceleration_dev,n_lanes,t_start,t_end,x_start,x_end,measure_point_x,accepted_dist_delta,window_size,average_velocity,rolling_average_density,rolling_average_flow
0,75,0.75,0.4,30,0,1.5,0.3,3,490,3431,500,600,500,10,100,1.4478100563149054,0.05611205432937169,3.793103448275862
1,75,1.0,0.4,30,0,1.5,0.3,3,5559,7281,500,600,500,10,100,1.4612803768367633,0.05376811594202907,5.470588235294118
2,75,1.25,0.4,30,0,1.5,0.3,3,8536,10094,500,600,500,10,100,1.4664891285474015,0.046762820512820394,5.8
3,75,1.75,0.4,30,0,1.5,0.3,3,10948,12509,500,600,500,10,100,1.462661631274288,0.02971246006389762,5.6
4,75,2.0,0.4,30,0,1.5,0.3,3,13153,14683,500,600,500,10,100,1.4561437646033593,0.02524429967426702,5.266666666666667
5,75,2.25,0.4,30,0,1.5,0.3,3,15193,16763,500,600,500,10,100,1.4471800502825776,0.02165079365079355,5.2
